,year,rain_1h_Barcelona,rain_1h_Bilbao,rain_1h_Madrid,rain_1h_Seville,rain_1h_Valencia,total
0,2014,0.0,0.0,0.0,0.0,0.0,0.0
1,2015,1290.3,2197.8,375.9,446.1,664.2,4974.3
2,2016,1769.1,822.6,403.2,353.1,305.54,3653.5399999999995
3,2017,329.4,566.4,214.8,238.8,103.2,1452.6
4,2018,415.2,591.3,524.4,404.4,135.3,2070.6000000000004
